"HITId","HITTypeId","Title","Description","Keywords","Reward","CreationTime","MaxAssignments","RequesterAnnotation","AssignmentDurationInSeconds","AutoApprovalDelayInSeconds","Expiration","NumberOfSimilarHITs","LifetimeInSeconds","AssignmentId","WorkerId","AssignmentStatus","AcceptTime","SubmitTime","AutoApprovalTime","ApprovalTime","RejectionTime","RequesterFeedback","WorkTimeInSeconds","LifetimeApprovalRate","Last30DaysApprovalRate","Last7DaysApprovalRate","Answer.surveycode","Approve","Reject"
"3566S7OX5CIWMZEKWCXBSXDPSFO17K","3RQPR0TC3HH914F4WZ71OIIEBETHM7","Answer a survey about trivia statements","We will show you 16 statements. Some of these statements are true, and some are false. We will ask you if you believe each statement.  Please do not try to look up the correct answer. Your entry will not be rejected for being wrong.","survey","$0.25","Fri Nov 17 23:19:32 PST 2017","43","BatchId:3015496;OriginalHitTemplateId:920937340;","3600","259200","Fri Nov 24 23:19:32 PST 2017","","","30IQTZXKAK5SH9XN882BXB2NZGBX06","A21H6PJDHFR74C","Approved","Fri Nov 17 23:27:40 PST 2017","Fri Nov 17 23:30:11 PST 2017","Mon Nov 20 23:30:11 PST 2017","Fri Nov 17 23:52:48 PST 2017","","","151","100% (1/1)","100% (1/1)","100% (1/1)","43125006"
"3566S7OX5CIWMZEKWCXBSXDPSFO17K","3RQPR0TC3HH914F4WZ71OIIEBETHM7","Answer a survey about trivia statements","We will show you 16 statements. Some of these statements are true, and some are false. We will ask you if you believe each statement.  Please do not try to look up the correct answer. Your entry will not be rejected for being wrong.","survey","$0.25","Fri Nov 17 23:19:32 PST 2017","43","BatchId:3015496;OriginalHitTemplateId:920937340;","3600","259200","Fri Nov 24 23:19:32 PST 2017","","","31LM9EDVOLRU7LK5SAP8HEQLWB7NJJ","A2WCV7ULUPKVNQ","Approved","Fri Nov 17 23:20:11 PST 2017","Fri Nov 17 23:34:48 PST 2017","Mon Nov 20 23:34:48 PST 2017","Fri Nov 17 23:52:48 PST 2017","","","877","100% (1/1)","100% (1/1)","100% (1/1)","83831792"
"3566S7OX5CIWMZEKWCXBSXDPSFO17K","3RQPR0TC3HH914F4WZ71OIIEBETHM7","Answer a survey about trivia statements","We will show you 16 statements. Some of these statements are true, and some are false. We will ask you if you believe each statement.  Please do not try to look up the correct answer. Your entry will not be rejected for being wrong.","survey","$0.25","Fri Nov 17 23:19:32 PST 2017","43","BatchId:3015496;OriginalHitTemplateId:920937340;","3600","259200","Fri Nov 24 23:19:32 PST 2017","","","324G5B4FB37Y2URWQVYD3CPZXNY07G","A3RSZSREFLSI1R","Approved","Fri Nov 17 23:38:00 PST 2017","Fri Nov 17 23:40:43 PST 2017","Mon Nov 20 23:40:43 PST 2017","Fri Nov 17 23:52:48 PST 2017","","","163","100% (1/1)","100% (1/1)","100% (1/1)","52516600"
"3566S7OX5CIWMZEKWCXBSXDPSFO17K","3RQPR0TC3HH914F4WZ71OIIEBETHM7","Answer a survey about trivia statements","We will show you 16 statements. Some of these statements are true, and some are false. We will ask you if you believe each statement.  Please do not try to look up the correct answer. Your entry will not be rejected for being wrong.","survey","$0.25","Fri Nov 17 23:19:32 PST 2017","43","BatchId:3015496;OriginalHitTemplateId:920937340;","3600","259200","Fri Nov 24 23:19:32 PST 2017","","","32M8BPYGATLS2IJDNORDFT2OIK0GIW","A5UHPNDXCAO7O","Approved","Sat Nov 18 00:05:42 PST 2017","Sat Nov 18 00:09:04 PST 2017","Tue Nov 21 00:09:04 PST 2017","Sat Nov 18 00:33:50 PST 2017","","","202","100% (1/1)","100% (1/1)","100% (1/1)","18230824"
"3566S7OX5CIWMZEKWCXBSXDPSFO17K","3RQPR0TC3HH914F4WZ71OIIEBETHM7","Answer a survey about trivia statements","We will show you 16 statements. Some of these statements are true, and some are false. We will ask you if you believe each statement.  Please do not try to look up the correct answer. Your entry will not be rejected for being wrong.","survey","$0.25","Fri Nov 17 23:19:32 PST 2017","43","BatchId:3015496;OriginalHitTemplateId:920937340;","3600","259200","Fri Nov 24 23:19:32 PST 2017","","","32M8BPYGATLS2IJDNORDFT2OIKWGIS","AK81F0NOBFJS3","Approved","Fri Nov 17 23:21:40 PST 2017","Fri Nov 17 23:24:32 PST 2017","Mon Nov 20 23:24:32 PST 2017","Fri Nov 17 23:52:49 PST 2017","","","172","100% (1/1)","100% (1/1)","100% (1/1)","31895242"
"3566S7OX5CIWMZEKWCXBSXDPSFO17K","3RQPR0TC3HH914F4WZ71OIIEBETHM7","Answer a survey about trivia statements","We will show you 16 statements. Some of these statements are true, and some are false. We will ask you if you believe each statement.  Please do not try to look up the correct answer. Your entry will not be rejected for being wrong.","survey","$0.25","Fri Nov 17 23:19:32 PST 2017","43","BatchId:3015496;OriginalHitTemplateId:920937340;","3600","259200","Fri Nov 24 23:19:32 PST 2017","","","32XVDSJFPZWOJ71X9O4G5IF4PACM2W","AOIYMAKATLETX","Approved","Fri Nov 17 23:33:46 PST 2017","Fri Nov 17 23:37:31 PST 2017","Mon Nov 20 23:37:31 PST 2017","Fri Nov 17 23:52:49 PST 2017","","","225","100% (1/1)","100% (1/1)","100% (1/1)","43271577"
"3566S7OX5CIWMZEKWCXBSXDPSFO17K","3RQPR0TC3HH914F4WZ71OIIEBETHM7","Answer a survey about trivia statements","We will show you 16 statements. Some of these statements are true, and some are false. We will ask you if you believe each statement.  Please do not try to look up the correct answer. Your entry will not be rejected for being wrong.","survey","$0.25","Fri Nov 17 23:19:32 PST 2017","43","BatchId:3015496;OriginalHitTemplateId:920937340;","3600","259200","Fri Nov 24 23:19:32 PST 2017","","","33CID57104STY7FVDCH6OF57VJM3LM","A1RZT7L92M3XY0","Approved","Fri Nov 17 23:31:31 PST 2017","Fri Nov 17 23:34:58 PST 2017","Mon Nov 20 23:34:58 PST 2017","Fri Nov 17 23:52:49 PST 2017","","","207","100% (1/1)","100% (1/1)","100% (1/1)","85593724"
"3566S7OX5CIWMZEKWCXBSXDPSFO17K","3RQPR0TC3HH914F4WZ71OIIEBETHM7","Answer a survey about trivia statements","We will show you 16 statements. Some of these statements are true, and some are false. We will ask you if you believe each statement.  Please do not try to look up the correct answer. Your entry will not be rejected for being wrong.","survey","$0.25","Fri Nov 17 23:19:32 PST 2017","43","BatchId:3015496;OriginalHitTemplateId:920937340;","3600","259200","Fri Nov 24 23:19:32 PST 2017","","","34MAJL3QP4MX0Z8A7KIP2Y3W9XT43W","A3MHYBS6PHJ5QG","Approved","Fri Nov 17 23:51:57 PST 2017","Fri Nov 17 23:54:34 PST 2017","Mon Nov 20 23:54:34 PST 2017","Sat Nov 18 00:33:50 PST 2017","","","157","100% (1/1)","100% (1/1)","100% (1/1)","69515881"
"3566S7OX5CIWMZEKWCXBSXDPSFO17K","3RQPR0TC3HH914F4WZ71OIIEBETHM7","Answer a survey about trivia statements","We will show you 16 statements. Some of these statements are true, and some are false. We will ask you if you believe each statement.  Please do not try to look up the correct answer. Your entry will not be rejected for being wrong.","survey","$0.25","Fri Nov 17 23:19:32 PST 2017","43","BatchId:3015496;OriginalHitTemplateId:920937340;","3600","259200","Fri Nov 24 23:19:32 PST 2017","","","37U1UTWH9VLQ22GEUD9Y18MHHX4R8T","A2KXARDIOGJL8T","Approved","Fri Nov 17 23:43:20 PST 2017","Fri Nov 17 23:46:48 PST 2017","Mon Nov 20 23:46:48 PST 2017","Fri Nov 17 23:52:49 PST 2017","","","208","100% (1/1)","100% (1/1)","100% (1/1)","39247501"
"3566S7OX5CIWMZEKWCXBSXDPSFO17K","3RQPR0TC3HH914F4WZ71OIIEBETHM7","Answer a survey about trivia statements","We will show you 16 statements. Some of these statements are true, and some are false. We will ask you if you believe each statement.  Please do not try to look up the correct answer. Your entry will not be rejected for being wrong.","survey","$0.25","Fri Nov 17 23:19:32 PST 2017","43","BatchId:3015496;OriginalHitTemplateId:920937340;","3600","259200","Fri Nov 24 23:19:32 PST 2017","","","386PBUZZXFW4JLHKGX9T4MMWRG7LJF","A22Z03NU5RN6AZ","Approved","Fri Nov 17 23:21:42 PST 2017","Fri Nov 17 23:27:17 PST 2017","Mon Nov 20 23:27:17 PST 2017","Fri Nov 17 23:52:49 PST 2017","","","335","100% (1/1)","100% (1/1)","100% (1/1)","46650816"
"3566S7OX5CIWMZEKWCXBSXDPSFO17K","3RQPR0TC3HH914F4WZ71OIIEBETHM7","Answer a survey about trivia statements","We will show you 16 statements. Some of these statements are true, and some are false. We will ask you if you believe each statement.  Please do not try to look up the correct answer. Your entry will not be rejected for being wrong.","survey","$0.25","Fri Nov 17 23:19:32 PST 2017","43","BatchId:3015496;OriginalHitTemplateId:920937340;","3600","259200","Fri Nov 24 23:19:32 PST 2017","","","39KFRKBFINU2KVFGFPQO6Q5EZPNYO5","A15QGLWS8CNJFU","Rejected","Fri Nov 17 23:42:15 PST 2017","Fri Nov 17 23:43:55 PST 2017","Mon Nov 20 23:43:55 PST 2017","","Fri Nov 17 23:51:01 PST 2017","In order to collect accurate data, we need participants to read the statements in the survey. In order to determine if a participant did not read the survey, we had one page that had only had instructions to leave the questions on that page unanswered. If a participant answered a question on this page, we concluded that the participant was not reading the questions, and we have to discard the data as inaccurate. 

Please let us know if there was a misunderstanding.","100","0% (0/1)","0% (0/1)","0% (0/1)","56183540"
"3566S7OX5CIWMZEKWCXBSXDPSFO17K","3RQPR0TC3HH914F4WZ71OIIEBETHM7","Answer a survey about trivia statements","We will show you 16 statements. Some of these statements are true, and some are false. We will ask you if you believe each statement.  Please do not try to look up the correct answer. Your entry will not be rejected for being wrong.","survey","$0.25","Fri Nov 17 23:19:32 PST 2017","43","BatchId:3015496;OriginalHitTemplateId:920937340;","3600","259200","Fri Nov 24 23:19:32 PST 2017","","","3A4NIXBJ76YUKTN5JUMLKEEDVA2LMJ","A31NNL8WD5QM9K","Approved","Fri Nov 17 23:21:46 PST 2017","Fri Nov 17 23:26:03 PST 2017","Mon Nov 20 23:26:03 PST 2017","Fri Nov 17 23:52:49 PST 2017","","","257","100% (1/1)","100% (1/1)","100% (1/1)","25267803"
"3566S7OX5CIWMZEKWCXBSXDPSFO17K","3RQPR0TC3HH914F4WZ71OIIEBETHM7","Answer a survey about trivia statements","We will show you 16 statements. Some of these statements are true, and some are false. We will ask you if you believe each statement.  Please do not try to look up the correct answer. Your entry will not be rejected for being wrong.","survey","$0.25","Fri Nov 17 23:19:32 PST 2017","43","BatchId:3015496;OriginalHitTemplateId:920937340;","3600","259200","Fri Nov 24 23:19:32 PST 2017","","","3AWETUDC92RSTZEIDGF200IUTAQIZJ","A2C172NFHFFHSW","Approved","Fri Nov 17 23:22:46 PST 2017","Fri Nov 17 23:26:27 PST 2017","Mon Nov 20 23:26:27 PST 2017","Fri Nov 17 23:52:49 PST 2017","","","221","100% (1/1)","100% (1/1)","100% (1/1)","60957367"
"3566S7OX5CIWMZEKWCXBSXDPSFO17K","3RQPR0TC3HH914F4WZ71OIIEBETHM7","Answer a survey about trivia statements","We will show you 16 statements. Some of these statements are true, and some are false. We will ask you if you believe each statement.  Please do not try to look up the correct answer. Your entry will not be rejected for being wrong.","survey","$0.25","Fri Nov 17 23:19:32 PST 2017","43","BatchId:3015496;OriginalHitTemplateId:920937340;","3600","259200","Fri Nov 24 23:19:32 PST 2017","","","3F6HPJW4JDZKOJVBDQA3EGHVNCRW2Y","AHZ7C7ETHYX3N","Approved","Fri Nov 17 23:42:13 PST 2017","Fri Nov 17 23:46:53 PST 2017","Mon Nov 20 23:46:53 PST 2017","Fri Nov 17 23:52:49 PST 2017","","","280","100% (1/1)","100% (1/1)","100% (1/1)","73528223"
"3566S7OX5CIWMZEKWCXBSXDPSFO17K","3RQPR0TC3HH914F4WZ71OIIEBETHM7","Answer a survey about trivia statements","We will show you 16 statements. Some of these statements are true, and some are false. We will ask you if you believe each statement.  Please do not try to look up the correct answer. Your entry will not be rejected for being wrong.","survey","$0.25","Fri Nov 17 23:19:32 PST 2017","43","BatchId:3015496;OriginalHitTemplateId:920937340;","3600","259200","Fri Nov 24 23:19:32 PST 2017","","","3FPRZHYEPY6WUCRPRGJCBO39MHNV3W","A7SI6RWKJGHSW","Approved","Fri Nov 17 23:28:09 PST 2017","Fri Nov 17 23:31:51 PST 2017","Mon Nov 20 23:31:51 PST 2017","Fri Nov 17 23:52:49 PST 2017","","","222","100% (1/1)","100% (1/1)","100% (1/1)","90504873"
"3566S7OX5CIWMZEKWCXBSXDPSFO17K","3RQPR0TC3HH914F4WZ71OIIEBETHM7","Answer a survey about trivia statements","We will show you 16 statements. Some of these statements are true, and some are false. We will ask you if you believe each statement.  Please do not try to look up the correct answer. Your entry will not be rejected for being wrong.","survey","$0.25","Fri Nov 17 23:19:32 PST 2017","43","BatchId:3015496;OriginalHitTemplateId:920937340;","3600","259200","Fri Nov 24 23:19:32 PST 2017","","","3GU1KF0O4I0OSNY6KXPJNFC3OL1BPK","A2DK1X9CL618EO","Approved","Fri Nov 17 23:40:31 PST 2017","Fri Nov 17 23:42:57 PST 2017","Mon Nov 20 23:42:57 PST 2017","Fri Nov 17 23:52:49 PST 2017","","","146","100% (1/1)","100% (1/1)","100% (1/1)","65937650"
"3566S7OX5CIWMZEKWCXBSXDPSFO17K","3RQPR0TC3HH914F4WZ71OIIEBETHM7","Answer a survey about trivia statements","We will show you 16 statements. Some of these statements are true, and some are false. We will ask you if you believe each statement.  Please do not try to look up the correct answer. Your entry will not be rejected for being wrong.","survey","$0.25","Fri Nov 17 23:19:32 PST 2017","43","BatchId:3015496;OriginalHitTemplateId:920937340;","3600","259200","Fri Nov 24 23:19:32 PST 2017","","","3HUTX6F6VUMCJAM9M4JTXM49KAQO2C","A11KP7FK5KS9H1","Approved","Fri Nov 17 23:22:54 PST 2017","Fri Nov 17 23:25:48 PST 2017","Mon Nov 20 23:25:48 PST 2017","Fri Nov 17 23:52:49 PST 2017","","","174","100% (1/1)","100% (1/1)","100% (1/1)","96912071"
"3566S7OX5CIWMZEKWCXBSXDPSFO17K","3RQPR0TC3HH914F4WZ71OIIEBETHM7","Answer a survey about trivia statements","We will show you 16 statements. Some of these statements are true, and some are false. We will ask you if you believe each statement.  Please do not try to look up the correct answer. Your entry will not be rejected for being wrong.","survey","$0.25","Fri Nov 17 23:19:32 PST 2017","43","BatchId:3015496;OriginalHitTemplateId:920937340;","3600","259200","Fri Nov 24 23:19:32 PST 2017","","","3IXEICO792IGE3AI5NHVH9R8ZNCT6N","AW5O1RK3W60FC","Approved","Fri Nov 17 23:53:05 PST 2017","Fri Nov 17 23:57:46 PST 2017","Mon Nov 20 23:57:46 PST 2017","Sat Nov 18 00:33:50 PST 2017","","","281","100% (1/1)","100% (1/1)","100% (1/1)","21441962"
"3566S7OX5CIWMZEKWCXBSXDPSFO17K","3RQPR0TC3HH914F4WZ71OIIEBETHM7","Answer a survey about trivia statements","We will show you 16 statements. Some of these statements are true, and some are false. We will ask you if you believe each statement.  Please do not try to look up the correct answer. Your entry will not be rejected for being wrong.","survey","$0.25","Fri Nov 17 23:19:32 PST 2017","43","BatchId:3015496;OriginalHitTemplateId:920937340;","3600","259200","Fri Nov 24 23:19:32 PST 2017","","","3K2755HG5S25G77WKQKK6BMZP0ODFO","A14SEFVPXYZ9TN","Approved","Fri Nov 17 23:20:14 PST 2017","Fri Nov 17 23:29:19 PST 2017","Mon Nov 20 23:29:19 PST 2017","Fri Nov 17 23:52:49 PST 2017","","","545","100% (1/1)","100% (1/1)","100% (1/1)","94181604"
"3566S7OX5CIWMZEKWCXBSXDPSFO17K","3RQPR0TC3HH914F4WZ71OIIEBETHM7","Answer a survey about trivia statements","We will show you 16 statements. Some of these statements are true, and some are false. We will ask you if you believe each statement.  Please do not try to look up the correct answer. Your entry will not be rejected for being wrong.","survey","$0.25","Fri Nov 17 23:19:32 PST 2017","43","BatchId:3015496;OriginalHitTemplateId:920937340;","3600","259200","Fri Nov 24 23:19:32 PST 2017","","","3KKG4CDWKIXJF1XQOTJZTB6I9P094F","A1V6SY68M9WKH0","Approved","Fri Nov 17 23:23:28 PST 2017","Fri Nov 17 23:26:03 PST 2017","Mon Nov 20 23:26:03 PST 2017","Fri Nov 17 23:52:50 PST 2017","","","155","100% (1/1)","100% (1/1)","100% (1/1)","97610403"
"3566S7OX5CIWMZEKWCXBSXDPSFO17K","3RQPR0TC3HH914F4WZ71OIIEBETHM7","Answer a survey about trivia statements","We will show you 16 statements. Some of these statements are true, and some are false. We will ask you if you believe each statement.  Please do not try to look up the correct answer. Your entry will not be rejected for being wrong.","survey","$0.25","Fri Nov 17 23:19:32 PST 2017","43","BatchId:3015496;OriginalHitTemplateId:920937340;","3600","259200","Fri Nov 24 23:19:32 PST 2017","","","3KV0LJBBH2K5NRIIOEJH6QNC12SRMG","A3C3C02J6LLOT5","Approved","Fri Nov 17 23:34:55 PST 2017","Fri Nov 17 23:49:26 PST 2017","Mon Nov 20 23:49:26 PST 2017","Fri Nov 17 23:52:50 PST 2017","","","871","100% (1/1)","100% (1/1)","100% (1/1)","38427484"
"3566S7OX5CIWMZEKWCXBSXDPSFO17K","3RQPR0TC3HH914F4WZ71OIIEBETHM7","Answer a survey about trivia statements","We will show you 16 statements. Some of these statements are true, and some are false. We will ask you if you believe each statement.  Please do not try to look up the correct answer. Your entry will not be rejected for being wrong.","survey","$0.25","Fri Nov 17 23:19:32 PST 2017","43","BatchId:3015496;OriginalHitTemplateId:920937340;","3600","259200","Fri Nov 24 23:19:32 PST 2017","","","3KWTYT08702WCM2ZRV5Z3C3R9FCL5T","A3P03BW6H6WGMH","Approved","Fri Nov 17 23:20:23 PST 2017","Fri Nov 17 23:22:59 PST 2017","Mon Nov 20 23:22:59 PST 2017","Fri Nov 17 23:52:50 PST 2017","","","156","100% (1/1)","100% (1/1)","100% (1/1)","64844475"
"3566S7OX5CIWMZEKWCXBSXDPSFO17K","3RQPR0TC3HH914F4WZ71OIIEBETHM7","Answer a survey about trivia statements","We will show you 16 statements. Some of these statements are true, and some are false. We will ask you if you believe each statement.  Please do not try to look up the correct answer. Your entry will not be rejected for being wrong.","survey","$0.25","Fri Nov 17 23:19:32 PST 2017","43","BatchId:3015496;OriginalHitTemplateId:920937340;","3600","259200","Fri Nov 24 23:19:32 PST 2017","","","3LO69W1SU3CUSJRJ8ROQ79UGZOQGL6","AKZD89B2WLSX7","Approved","Fri Nov 17 23:21:57 PST 2017","Fri Nov 17 23:57:38 PST 2017","Mon Nov 20 23:57:38 PST 2017","Sat Nov 18 00:33:50 PST 2017","","","2141","100% (1/1)","100% (1/1)","100% (1/1)","81312776"
"3566S7OX5CIWMZEKWCXBSXDPSFO17K","3RQPR0TC3HH914F4WZ71OIIEBETHM7","Answer a survey about trivia statements","We will show you 16 statements. Some of these statements are true, and some are false. We will ask you if you believe each statement.  Please do not try to look up the correct answer. Your entry will not be rejected for being wrong.","survey","$0.25","Fri Nov 17 23:19:32 PST 2017","43","BatchId:3015496;OriginalHitTemplateId:920937340;","3600","259200","Fri Nov 24 23:19:32 PST 2017","","","3LYA37P8IQMNHW1Q75KBRYQ4UBTBKH","AIFNYG43ANHUU","Approved","Fri Nov 17 23:21:33 PST 2017","Fri Nov 17 23:26:36 PST 2017","Mon Nov 20 23:26:36 PST 2017","Fri Nov 17 23:52:50 PST 2017","","","303","100% (1/1)","100% (1/1)","100% (1/1)","27452852"
"3566S7OX5CIWMZEKWCXBSXDPSFO17K","3RQPR0TC3HH914F4WZ71OIIEBETHM7","Answer a survey about trivia statements","We will show you 16 statements. Some of these statements are true, and some are false. We will ask you if you believe each statement.  Please do not try to look up the correct answer. Your entry will not be rejected for being wrong.","survey","$0.25","Fri Nov 17 23:19:32 PST 2017","43","BatchId:3015496;OriginalHitTemplateId:920937340;","3600","259200","Fri Nov 24 23:19:32 PST 2017","","","3MB8LZR5BFSZU5N2YI9551M9658KLE","A20NDRGSZZRQF","Approved","Fri Nov 17 23:30:50 PST 2017","Fri Nov 17 23:38:59 PST 2017","Mon Nov 20 23:38:59 PST 2017","Fri Nov 17 23:52:50 PST 2017","","","489","100% (1/1)","100% (1/1)","100% (1/1)","63299004"
"3566S7OX5CIWMZEKWCXBSXDPSFO17K","3RQPR0TC3HH914F4WZ71OIIEBETHM7","Answer a survey about trivia statements","We will show you 16 statements. Some of these statements are true, and some are false. We will ask you if you believe each statement.  Please do not try to look up the correct answer. Your entry will not be rejected for being wrong.","survey","$0.25","Fri Nov 17 23:19:32 PST 2017","43","BatchId:3015496;OriginalHitTemplateId:920937340;","3600","259200","Fri Nov 24 23:19:32 PST 2017","","","3OHYZ19UGC41ODHDZJC834N7WYIOAJ","A2K79SMDMI93R7","Approved","Fri Nov 17 23:24:26 PST 2017","Fri Nov 17 23:28:20 PST 2017","Mon Nov 20 23:28:20 PST 2017","Fri Nov 17 23:52:50 PST 2017","","","234","100% (1/1)","100% (1/1)","100% (1/1)","92543780"
"3566S7OX5CIWMZEKWCXBSXDPSFO17K","3RQPR0TC3HH914F4WZ71OIIEBETHM7","Answer a survey about trivia statements","We will show you 16 statements. Some of these statements are true, and some are false. We will ask you if you believe each statement.  Please do not try to look up the correct answer. Your entry will not be rejected for being wrong.","survey","$0.25","Fri Nov 17 23:19:32 PST 2017","43","BatchId:3015496;OriginalHitTemplateId:920937340;","3600","259200","Fri Nov 24 23:19:32 PST 2017","","","3OHYZ19UGC41ODHDZJC834N7WYKOAL","A1EJKTWX9A2IH9","Approved","Fri Nov 17 23:41:58 PST 2017","Fri Nov 17 23:45:28 PST 2017","Mon Nov 20 23:45:28 PST 2017","Fri Nov 17 23:52:50 PST 2017","","","210","100% (1/1)","100% (1/1)","100% (1/1)","23541649"
"3566S7OX5CIWMZEKWCXBSXDPSFO17K","3RQPR0TC3HH914F4WZ71OIIEBETHM7","Answer a survey about trivia statements","We will show you 16 statements. Some of these statements are true, and some are false. We will ask you if you believe each statement.  Please do not try to look up the correct answer. Your entry will not be rejected for being wrong.","survey","$0.25","Fri Nov 17 23:19:32 PST 2017","43","BatchId:3015496;OriginalHitTemplateId:920937340;","3600","259200","Fri Nov 24 23:19:32 PST 2017","","","3OONKJ5DKCI67NM55XC4YF7DEG3OBE","A1GFN7WDJ0GX5V","Approved","Fri Nov 17 23:24:10 PST 2017","Fri Nov 17 23:28:53 PST 2017","Mon Nov 20 23:28:53 PST 2017","Fri Nov 17 23:52:50 PST 2017","","","283","100% (1/1)","100% (1/1)","100% (1/1)","75216470"
"3566S7OX5CIWMZEKWCXBSXDPSFO17K","3RQPR0TC3HH914F4WZ71OIIEBETHM7","Answer a survey about trivia statements","We will show you 16 statements. Some of these statements are true, and some are false. We will ask you if you believe each statement.  Please do not try to look up the correct answer. Your entry will not be rejected for being wrong.","survey","$0.25","Fri Nov 17 23:19:32 PST 2017","43","BatchId:3015496;OriginalHitTemplateId:920937340;","3600","259200","Fri Nov 24 23:19:32 PST 2017","","","3PB5A5BD0V5VDY2H4XNGO4CF44LG7X","A3OCHRI3EXIVEG","Approved","Fri Nov 17 23:20:47 PST 2017","Fri Nov 17 23:28:08 PST 2017","Mon Nov 20 23:28:08 PST 2017","Fri Nov 17 23:52:50 PST 2017","","","441","100% (1/1)","100% (1/1)","100% (1/1)","80128910"
"3566S7OX5CIWMZEKWCXBSXDPSFO17K","3RQPR0TC3HH914F4WZ71OIIEBETHM7","Answer a survey about trivia statements","We will show you 16 statements. Some of these statements are true, and some are false. We will ask you if you believe each statement.  Please do not try to look up the correct answer. Your entry will not be rejected for being wrong.","survey","$0.25","Fri Nov 17 23:19:32 PST 2017","43","BatchId:3015496;OriginalHitTemplateId:920937340;","3600","259200","Fri Nov 24 23:19:32 PST 2017","","","3PJUZCGDJ6FKY2KS0W9CANMNBBW98M","A1F1M0C0RNSKLR","Approved","Fri Nov 17 23:24:18 PST 2017","Fri Nov 17 23:27:33 PST 2017","Mon Nov 20 23:27:33 PST 2017","Fri Nov 17 23:52:50 PST 2017","","","195","100% (1/1)","100% (1/1)","100% (1/1)","52739880"
"3566S7OX5CIWMZEKWCXBSXDPSFO17K","3RQPR0TC3HH914F4WZ71OIIEBETHM7","Answer a survey about trivia statements","We will show you 16 statements. Some of these statements are true, and some are false. We will ask you if you believe each statement.  Please do not try to look up the correct answer. Your entry will not be rejected for being wrong.","survey","$0.25","Fri Nov 17 23:19:32 PST 2017","43","BatchId:3015496;OriginalHitTemplateId:920937340;","3600","259200","Fri Nov 24 23:19:32 PST 2017","","","3PW9OPU9PQJRNIF8G2LILQR1RZH214","A3LSXZR843QSGC","Approved","Fri Nov 17 23:28:03 PST 2017","Fri Nov 17 23:33:54 PST 2017","Mon Nov 20 23:33:54 PST 2017","Fri Nov 17 23:52:50 PST 2017","","","351","100% (1/1)","100% (1/1)","100% (1/1)","47075367"
"3566S7OX5CIWMZEKWCXBSXDPSFO17K","3RQPR0TC3HH914F4WZ71OIIEBETHM7","Answer a survey about trivia statements","We will show you 16 statements. Some of these statements are true, and some are false. We will ask you if you believe each statement.  Please do not try to look up the correct answer. Your entry will not be rejected for being wrong.","survey","$0.25","Fri Nov 17 23:19:32 PST 2017","43","BatchId:3015496;OriginalHitTemplateId:920937340;","3600","259200","Fri Nov 24 23:19:32 PST 2017","","","3QHK8ZVMIMHY12J8S5WC6Y3JJBZBLL","ARJ8XLYXTWNE","Approved","Fri Nov 17 23:33:12 PST 2017","Fri Nov 17 23:42:05 PST 2017","Mon Nov 20 23:42:05 PST 2017","Fri Nov 17 23:52:51 PST 2017","","","533","100% (1/1)","100% (1/1)","100% (1/1)","96776490"
"3566S7OX5CIWMZEKWCXBSXDPSFO17K","3RQPR0TC3HH914F4WZ71OIIEBETHM7","Answer a survey about trivia statements","We will show you 16 statements. Some of these statements are true, and some are false. We will ask you if you believe each statement.  Please do not try to look up the correct answer. Your entry will not be rejected for being wrong.","survey","$0.25","Fri Nov 17 23:19:32 PST 2017","43","BatchId:3015496;OriginalHitTemplateId:920937340;","3600","259200","Fri Nov 24 23:19:32 PST 2017","","","3QY5DC2MXRJRX9II6LA9GBQNB0KFU1","AVV4KDLSDAS9E","Approved","Fri Nov 17 23:31:23 PST 2017","Fri Nov 17 23:37:04 PST 2017","Mon Nov 20 23:37:04 PST 2017","Fri Nov 17 23:52:51 PST 2017","","","341","100% (1/1)","100% (1/1)","100% (1/1)","33637480"
"3566S7OX5CIWMZEKWCXBSXDPSFO17K","3RQPR0TC3HH914F4WZ71OIIEBETHM7","Answer a survey about trivia statements","We will show you 16 statements. Some of these statements are true, and some are false. We will ask you if you believe each statement.  Please do not try to look up the correct answer. Your entry will not be rejected for being wrong.","survey","$0.25","Fri Nov 17 23:19:32 PST 2017","43","BatchId:3015496;OriginalHitTemplateId:920937340;","3600","259200","Fri Nov 24 23:19:32 PST 2017","","","3TAYZSBPLL7RH2E2TL02HREAHZUS2E","AJPOY5H0ZHMG2","Approved","Fri Nov 17 23:35:41 PST 2017","Fri Nov 17 23:51:12 PST 2017","Mon Nov 20 23:51:12 PST 2017","Sat Nov 18 00:33:50 PST 2017","","","931","100% (1/1)","100% (1/1)","100% (1/1)","19749310"
"3566S7OX5CIWMZEKWCXBSXDPSFO17K","3RQPR0TC3HH914F4WZ71OIIEBETHM7","Answer a survey about trivia statements","We will show you 16 statements. Some of these statements are true, and some are false. We will ask you if you believe each statement.  Please do not try to look up the correct answer. Your entry will not be rejected for being wrong.","survey","$0.25","Fri Nov 17 23:19:32 PST 2017","43","BatchId:3015496;OriginalHitTemplateId:920937340;","3600","259200","Fri Nov 24 23:19:32 PST 2017","","","3TESA3PJ319EQB5QJ6N0KRT2VFSMMM","A3B9M6H2PTCQWX","Approved","Fri Nov 17 23:25:17 PST 2017","Fri Nov 17 23:27:48 PST 2017","Mon Nov 20 23:27:48 PST 2017","Fri Nov 17 23:52:51 PST 2017","","","151","100% (1/1)","100% (1/1)","100% (1/1)","86751879"
"3566S7OX5CIWMZEKWCXBSXDPSFO17K","3RQPR0TC3HH914F4WZ71OIIEBETHM7","Answer a survey about trivia statements","We will show you 16 statements. Some of these statements are true, and some are false. We will ask you if you believe each statement.  Please do not try to look up the correct answer. Your entry will not be rejected for being wrong.","survey","$0.25","Fri Nov 17 23:19:32 PST 2017","43","BatchId:3015496;OriginalHitTemplateId:920937340;","3600","259200","Fri Nov 24 23:19:32 PST 2017","","","3TVSS0C0E1ZE8IPOW5UZF3QLNP2TWL","A2REA18QEAUFQA","Approved","Fri Nov 17 23:26:03 PST 2017","Fri Nov 17 23:30:26 PST 2017","Mon Nov 20 23:30:26 PST 2017","Fri Nov 17 23:52:51 PST 2017","","","263","100% (1/1)","100% (1/1)","100% (1/1)","74979163"
"3566S7OX5CIWMZEKWCXBSXDPSFO17K","3RQPR0TC3HH914F4WZ71OIIEBETHM7","Answer a survey about trivia statements","We will show you 16 statements. Some of these statements are true, and some are false. We will ask you if you believe each statement.  Please do not try to look up the correct answer. Your entry will not be rejected for being wrong.","survey","$0.25","Fri Nov 17 23:19:32 PST 2017","43","BatchId:3015496;OriginalHitTemplateId:920937340;","3600","259200","Fri Nov 24 23:19:32 PST 2017","","","3TXWC2NHNZP2HMZ1EUFHREMON559SO","A2KTQ9M7CW05XF","Rejected","Fri Nov 17 23:36:45 PST 2017","Fri Nov 17 23:41:44 PST 2017","Mon Nov 20 23:41:44 PST 2017","","Fri Nov 17 23:51:02 PST 2017","In order to collect accurate data, we need participants to read the statements in the survey. In order to determine if a participant did not read the survey, we had one page that had only had instructions to leave the questions on that page unanswered. If a participant answered a question on this page, we concluded that the participant was not reading the questions, and we have to discard the data as inaccurate. 

Please let us know if there was a misunderstanding.","299","0% (0/1)","0% (0/1)","0% (0/1)","87011177"
"3566S7OX5CIWMZEKWCXBSXDPSFO17K","3RQPR0TC3HH914F4WZ71OIIEBETHM7","Answer a survey about trivia statements","We will show you 16 statements. Some of these statements are true, and some are false. We will ask you if you believe each statement.  Please do not try to look up the correct answer. Your entry will not be rejected for being wrong.","survey","$0.25","Fri Nov 17 23:19:32 PST 2017","43","BatchId:3015496;OriginalHitTemplateId:920937340;","3600","259200","Fri Nov 24 23:19:32 PST 2017","","","3VHHR074H3GBZQGIFOKW1WHN0L7L78","A38YVL93QO6BZK","Approved","Fri Nov 17 23:21:03 PST 2017","Fri Nov 17 23:25:39 PST 2017","Mon Nov 20 23:25:39 PST 2017","Fri Nov 17 23:52:51 PST 2017","","","276","100% (1/1)","100% (1/1)","100% (1/1)","67071416"
"3566S7OX5CIWMZEKWCXBSXDPSFO17K","3RQPR0TC3HH914F4WZ71OIIEBETHM7","Answer a survey about trivia statements","We will show you 16 statements. Some of these statements are true, and some are false. We will ask you if you believe each statement.  Please do not try to look up the correct answer. Your entry will not be rejected for being wrong.","survey","$0.25","Fri Nov 17 23:19:32 PST 2017","43","BatchId:3015496;OriginalHitTemplateId:920937340;","3600","259200","Fri Nov 24 23:19:32 PST 2017","","","3VSOLARPKB8YX5EMOFEGJ6ECVP793X","A1AYWUSULABAXL","Approved","Fri Nov 17 23:52:45 PST 2017","Fri Nov 17 23:56:14 PST 2017","Mon Nov 20 23:56:14 PST 2017","Sat Nov 18 00:33:50 PST 2017","","","209","100% (1/1)","100% (1/1)","100% (1/1)","80484096"
"3566S7OX5CIWMZEKWCXBSXDPSFO17K","3RQPR0TC3HH914F4WZ71OIIEBETHM7","Answer a survey about trivia statements","We will show you 16 statements. Some of these statements are true, and some are false. We will ask you if you believe each statement.  Please do not try to look up the correct answer. Your entry will not be rejected for being wrong.","survey","$0.25","Fri Nov 17 23:19:32 PST 2017","43","BatchId:3015496;OriginalHitTemplateId:920937340;","3600","259200","Fri Nov 24 23:19:32 PST 2017","","","3W2LOLRXLBEAX3IF3261RDV8CXWRKA","A1R2UQYVMQQQY2","Approved","Fri Nov 17 23:25:29 PST 2017","Fri Nov 17 23:28:53 PST 2017","Mon Nov 20 23:28:53 PST 2017","Fri Nov 17 23:52:51 PST 2017","","","204","100% (1/1)","100% (1/1)","100% (1/1)","95375358"
"3566S7OX5CIWMZEKWCXBSXDPSFO17K","3RQPR0TC3HH914F4WZ71OIIEBETHM7","Answer a survey about trivia statements","We will show you 16 statements. Some of these statements are true, and some are false. We will ask you if you believe each statement.  Please do not try to look up the correct answer. Your entry will not be rejected for being wrong.","survey","$0.25","Fri Nov 17 23:19:32 PST 2017","43","BatchId:3015496;OriginalHitTemplateId:920937340;","3600","259200","Fri Nov 24 23:19:32 PST 2017","","","3WJ1OXY92AFY3LUXS2NC6IX7HTF8A1","A1NYI79LUIBOTP","Approved","Fri Nov 17 23:31:33 PST 2017","Fri Nov 17 23:34:30 PST 2017","Mon Nov 20 23:34:30 PST 2017","Fri Nov 17 23:52:51 PST 2017","","","177","100% (1/1)","100% (1/1)","100% (1/1)","38328328"
"3566S7OX5CIWMZEKWCXBSXDPSFO17K","3RQPR0TC3HH914F4WZ71OIIEBETHM7","Answer a survey about trivia statements","We will show you 16 statements. Some of these statements are true, and some are false. We will ask you if you believe each statement.  Please do not try to look up the correct answer. Your entry will not be rejected for being wrong.","survey","$0.25","Fri Nov 17 23:19:32 PST 2017","43","BatchId:3015496;OriginalHitTemplateId:920937340;","3600","259200","Fri Nov 24 23:19:32 PST 2017","","","3YOH7BII0962QAZWCMBBSAKBX3BKVY","A2OTQJZW0I3M2Q","Approved","Fri Nov 17 23:38:05 PST 2017","Fri Nov 17 23:43:57 PST 2017","Mon Nov 20 23:43:57 PST 2017","Fri Nov 17 23:52:51 PST 2017","","","352","100% (1/1)","100% (1/1)","100% (1/1)","19089986"
"3566S7OX5CIWMZEKWCXBSXDPSFO17K","3RQPR0TC3HH914F4WZ71OIIEBETHM7","Answer a survey about trivia statements","We will show you 16 statements. Some of these statements are true, and some are false. We will ask you if you believe each statement.  Please do not try to look up the correct answer. Your entry will not be rejected for being wrong.","survey","$0.25","Fri Nov 17 23:19:32 PST 2017","43","BatchId:3015496;OriginalHitTemplateId:920937340;","3600","259200","Fri Nov 24 23:19:32 PST 2017","","","3YWRV122CSYIIU8VY7436J91OW68UC","A3CV0AEQ8HOJ0U","Rejected","Fri Nov 17 23:21:35 PST 2017","Fri Nov 17 23:23:28 PST 2017","Mon Nov 20 23:23:28 PST 2017","","Fri Nov 17 23:51:02 PST 2017","In order to collect accurate data, we need participants to read the statements in the survey. In order to determine if a participant did not read the survey, we had one page that had only had instructions to leave the questions on that page unanswered. If a participant answered a question on this page, we concluded that the participant was not reading the questions, and we have to discard the data as inaccurate. 

Please let us know if there was a misunderstanding.","113","0% (0/1)","0% (0/1)","0% (0/1)","73447406"